product_category,price
Electronics,20208.0
Electronics,13805.84
Electronics,22124.01
Electronics,37407.38
Electronics,13033.96
Electronics,13034.09
Electronics,38689.87
Electronics,23772.06
Electronics,11317.67
Electronics,20771.59
Electronics,11358.88
Electronics,11343.13
Electronics,17343.67
Electronics,4759.21
Electronics,5328.66
Electronics,10704.64
Electronics,8169.04
Electronics,18112.43
Electronics,8699.24
Electronics,6428.03
Electronics,36141.42
Electronics,13099.64
Electronics,15620.23
Electronics,6380.21
Electronics,10820.26
Electronics,16032.27
Electronics,7519.16
Electronics,18792.71
Electronics,10461.14
Electronics,12591.65
Electronics,10454.43
Electronics,45577.63
Electronics,14879.02
Electronics,7952.0
Electronics,24571.25
Electronics,7210.54
Electronics,17002.64
Electronics,4628.57
Electronics,6760.78
Electronics,16880.63
Electronics,23362.45
Electronics,16624.39
Electronics,13994.46
Electronics,12520.76
Electronics,6177.64
Electronics,9739.05
Electronics,11377.83
Electronics,28284.77
Electronics,18434.45
Electronics,5208.16
Electronics,18219.65
Electronics,11905.5
Electronics,9993.12
Electronics,21651.09
Electronics,27844.9
Electronics,26227.76
Electronics,9065.9
Electronics,12459.99
Electronics,18298.3
Electronics,26933.67
Electronics,11252.0
Electronics,13418.77
Electronics,7723.36
Electronics,7317.92
Electronics,24423.99
Electronics,33845.1
Electronics,14365.71
Electronics,27389.78
Electronics,18634.82
Electronics,10185.63
Electronics,18632.13
Electronics,37745.72
Electronics,14681.01
Electronics,38353.14
Electronics,3114.92
Electronics,24561.78
Electronics,15804.24
Electronics,12536.52
Electronics,15849.0
Electronics,4551.74
Electronics,13147.7
Electronics,18584.31
Electronics,36407.93
Electronics,10991.12
Electronics,9234.57
Electronics,11100.56
Electronics,25979.08
Electronics,18270.74
Electronics,10915.61
Electronics,20409.71
Electronics,15899.64
Electronics,26822.4
Electronics,9843.57
Electronics,12322.82
Electronics,11855.42
Electronics,6233.52
Electronics,17916.51
Electronics,17543.5
Electronics,15046.09
Electronics,13030.57
Electronics,6416.21
Electronics,11654.16
Electronics,12212.03
Electronics,9269.08
Electronics,13616.45
Electronics,19115.14
Electronics,46514.39
Electronics,16656.44
Electronics,17506.64
Electronics,14344.73
Electronics,4743.56
Electronics,14763.26
Electronics,15551.99
Electronics,65758.93
Electronics,13364.92
Electronics,17974.94
Electronics,14690.82
Electronics,7439.8
Electronics,29777.23
Electronics,23551.98
Electronics,44201.88
Electronics,32169.81
Electronics,33154.6
Fashion,1631.95
Fashion,1662.65
Fashion,1220.4
Fashion,585.12
Fashion,1927.31
Fashion,1554.6
Fashion,621.43
Fashion,796.87
Fashion,2043.84
Fashion,1725.66
Fashion,778.91
Fashion,1020.57
Fashion,1101.03
Fashion,1737.63
Fashion,2538.79
Fashion,1248.21
Fashion,2420.19
Fashion,2026.5
Fashion,1357.59
Fashion,504.71
Fashion,647.71
Fashion,1872.11
Fashion,429.99
Fashion,1288.8
Fashion,2187.18
Fashion,1314.92
Fashion,836.51
Fashion,722.06
Fashion,1958.18
Fashion,1592.57
Fashion,1011.09
Fashion,2273.9
Fashion,2003.15
Fashion,3509.52
Fashion,1686.17
Fashion,1087.22
Fashion,1101.34
Fashion,375.9
Fashion,1313.53
Fashion,1188.74
Fashion,540.25
Fashion,1181.93
Fashion,2686.46
Fashion,772.28
Fashion,674.61
Fashion,2328.63
Fashion,1755.7
Fashion,7530.63
Fashion,543.99
Fashion,1848.83
Fashion,1450.42
Fashion,1243.45
Fashion,2072.24
Fashion,1178.79
Fashion,375.5
Fashion,721.74
Fashion,2720.95
Fashion,2424.29
Fashion,959.3
Fashion,1623.33
Fashion,6376.91
Fashion,1177.75
Fashion,1191.69
Fashion,1345.39
Fashion,1727.21
Fashion,973.34
Fashion,1726.33
Fashion,373.73
Fashion,1468.38
Fashion,1237.01
Fashion,1053.21
Fashion,902.28
Fashion,832.52
Fashion,736.54
Fashion,298.64
Fashion,1021.74
Fashion,2316.64
Fashion,981.25
Fashion,1756.62
Fashion,627.63
Fashion,548.21
Fashion,764.8
Fashion,648.57
Fashion,590.08
Fashion,1571.74
Fashion,3489.21
Fashion,804.25
Fashion,434.84
Fashion,1779.62
Fashion,507.01
Fashion,590.0
Fashion,1614.97
Fashion,1086.69
Fashion,794.55
Fashion,1250.24
Fashion,938.64
Fashion,3728.66
Fashion,799.99
Fashion,693.69
Fashion,913.29
Fashion,936.75
Fashion,1715.51
Fashion,363.27
Fashion,1549.51
Fashion,867.23
Fashion,1912.51
Fashion,1166.18
Fashion,1638.1
Fashion,948.84
Fashion,1560.7
Fashion,3256.27
Fashion,770.11
Fashion,1125.25
Fashion,896.36
Fashion,3120.87
Fashion,924.92
Fashion,773.14
Fashion,848.2
Fashion,1106.16
Fashion,745.44
Fashion,4612.86
Fashion,3455.41
Fashion,7752.95
Home & Kitchen,7210.68
Home & Kitchen,3187.64
Home & Kitchen,1173.23
Home & Kitchen,4336.24
Home & Kitchen,8931.5
Home & Kitchen,4644.9
Home & Kitchen,1004.68
Home & Kitchen,1869.65
Home & Kitchen,5346.47
Home & Kitchen,1635.08
Home & Kitchen,3262.79
Home & Kitchen,3979.16
Home & Kitchen,1433.52
Home & Kitchen,2412.29
Home & Kitchen,357.55
Home & Kitchen,1352.1
Home & Kitchen,2148.46
Home & Kitchen,1182.49
Home & Kitchen,6657.46
Home & Kitchen,1059.93
Home & Kitchen,1919.88
Home & Kitchen,2704.01
Home & Kitchen,5936.11
Home & Kitchen,1056.3
Home & Kitchen,5023.81
Home & Kitchen,2515.4
Home & Kitchen,1387.34
Home & Kitchen,3298.78
Home & Kitchen,2817.15
Home & Kitchen,1743.96
Home & Kitchen,2606.93
Home & Kitchen,1983.98
Home & Kitchen,2676.21
Home & Kitchen,3719.43
Home & Kitchen,6474.69
Home & Kitchen,1189.58
Home & Kitchen,8989.98
Home & Kitchen,774.95
Home & Kitchen,2282.38
Home & Kitchen,3558.29
Home & Kitchen,2959.1
Home & Kitchen,1720.6
Home & Kitchen,2206.52
Home & Kitchen,1859.84
Home & Kitchen,1755.36
Home & Kitchen,4162.23
Home & Kitchen,3097.2
Home & Kitchen,1649.62
Home & Kitchen,4288.99
Home & Kitchen,3006.18
Home & Kitchen,4071.49
Home & Kitchen,3647.59
Home & Kitchen,1520.28
Home & Kitchen,1786.36
Home & Kitchen,3914.42
Home & Kitchen,3605.69
Home & Kitchen,2468.84
Home & Kitchen,2682.33
Home & Kitchen,5381.08
Home & Kitchen,1753.03
Home & Kitchen,3471.37
Home & Kitchen,2214.39
Home & Kitchen,2193.9
Home & Kitchen,4833.43
Home & Kitchen,4102.27
Home & Kitchen,4073.07
Home & Kitchen,5471.64
Home & Kitchen,2531.71
Home & Kitchen,3763.93
Home & Kitchen,2075.35
Home & Kitchen,3036.76
Home & Kitchen,2312.21
Home & Kitchen,2649.81
Home & Kitchen,3572.93
Home & Kitchen,1530.14
Home & Kitchen,8773.39
Home & Kitchen,1367.08
Home & Kitchen,1206.57
Home & Kitchen,5008.6
Home & Kitchen,4020.03
Home & Kitchen,3635.56
Home & Kitchen,3644.79
Home & Kitchen,2481.7
Home & Kitchen,1459.27
Home & Kitchen,2616.33
Home & Kitchen,1665.28
Home & Kitchen,4487.8
Home & Kitchen,2288.87
Home & Kitchen,1523.47
Home & Kitchen,2061.55
Home & Kitchen,3202.88
Home & Kitchen,1782.57
Home & Kitchen,1526.47
Home & Kitchen,2893.6
Home & Kitchen,2895.83
Home & Kitchen,1844.35
Home & Kitchen,1884.51
Home & Kitchen,2873.47
Home & Kitchen,1048.58
Home & Kitchen,1074.45
Home & Kitchen,1624.54
Home & Kitchen,2199.48
Home & Kitchen,3012.7
Home & Kitchen,6058.76
Home & Kitchen,4182.41
Home & Kitchen,2271.24
Home & Kitchen,2471.64
Home & Kitchen,1369.95
Home & Kitchen,2472.38
Home & Kitchen,2102.43
Home & Kitchen,3034.12
Home & Kitchen,1521.89
Home & Kitchen,3414.05
Home & Kitchen,6270.99
Home & Kitchen,2342.07
Home & Kitchen,3181.39
Home & Kitchen,3782.47
Home & Kitchen,1965.13
Home & Kitchen,2859.78
Home & Kitchen,2518.96
Home & Kitchen,9887.32
Home & Kitchen,5027.53
Home & Kitchen,4717.21
Books,262.53
Books,223.9
Books,947.21
Books,262.55
Books,367.05
Books,278.97
Books,332.47
Books,256.98
Books,528.0
Books,214.21
Books,177.68
Books,286.12
Books,247.78
Books,179.25
Books,329.46
Books,147.73
Books,1127.9
Books,163.35
Books,271.42
Books,313.98
Books,1099.13
Books,141.64
Books,435.59
Books,745.28
Books,332.16
Books,198.26
Books,374.91
Books,999.97
Books,276.44
Books,946.88
Books,467.16
Books,837.96
Books,456.08
Books,299.12
Books,1069.32
Books,457.88
Books,442.01
Books,649.37
Books,696.42
Books,651.44
Books,177.87
Books,272.9
Books,269.76
Books,250.64
Books,237.03
Books,267.43
Books,489.33
Books,538.14
Books,399.61
Books,309.77
Books,859.84
Books,378.62
Books,701.84
Books,284.25
Books,512.7
Books,894.91
Books,83.61
Books,270.0
Books,571.18
Books,828.12
Books,451.84
Books,412.08
Books,1051.33
Books,859.08
Books,237.54
Books,428.94
Books,496.49
Books,1121.73
Books,672.57
Books,375.9
Books,456.46
Books,129.17
Books,715.26
Books,589.28
Books,827.79
Books,366.88
Books,431.94
Books,299.66
Books,200.86
Books,278.69
Books,134.27
Books,692.44
Books,108.48
Books,1353.91
Books,138.79
Books,983.78
Books,231.98
Books,560.08
Books,254.68
Books,1091.94
Books,410.63
Books,761.79
Books,418.67
Books,494.35
Books,578.9
Books,291.26
Books,185.54
Books,183.19
Books,412.39
Books,298.35
Books,110.38
Books,544.15
Books,192.55
Books,199.39
Books,390.13
Books,233.08
Books,430.51
Books,1307.07
Books,318.63
Books,211.82
Books,446.02
Books,251.22
Books,405.74
Books,483.4
Books,391.64
Books,413.81
Books,448.86
Books,1042.87
Books,343.68
Books,431.78
Books,3507.09
Books,5983.0
Books,2167.75
Beauty,446.42
Beauty,839.08
Beauty,1995.97
Beauty,183.2
Beauty,491.92
Beauty,464.93
Beauty,715.13
Beauty,777.39
Beauty,423.2
Beauty,540.23
Beauty,503.04
Beauty,648.16
Beauty,911.91
Beauty,1381.53
Beauty,1506.9
Beauty,1184.16
Beauty,473.54
Beauty,798.42
Beauty,3324.95
Beauty,1470.46
Beauty,614.19
Beauty,2066.96
Beauty,633.82
Beauty,535.7
Beauty,1848.35
Beauty,364.61
Beauty,253.75
Beauty,1407.24
Beauty,813.4
Beauty,863.53
Beauty,644.04
Beauty,693.34
Beauty,607.74
Beauty,549.5
Beauty,636.17
Beauty,624.24
Beauty,486.61
Beauty,576.81
Beauty,178.21
Beauty,1206.4
Beauty,1011.07
Beauty,760.26
Beauty,922.43
Beauty,942.71
Beauty,518.12
Beauty,581.18
Beauty,1098.39
Beauty,906.07
Beauty,2726.04
Beauty,2114.09
Beauty,1400.27
Beauty,506.52
Beauty,570.14
Beauty,438.51
Beauty,946.21
Beauty,154.48
Beauty,607.55
Beauty,665.53
Beauty,320.55
Beauty,1291.1
Beauty,403.88
Beauty,939.41
Beauty,4250.87
Beauty,304.3
Beauty,731.78
Beauty,626.49
Beauty,557.48
Beauty,1262.39
Beauty,1553.72
Beauty,1271.04
Beauty,518.33
Beauty,3445.83
Beauty,276.57
Beauty,430.54
Beauty,885.76
Beauty,844.08
Beauty,1072.17
Beauty,2064.6
Beauty,744.49
Beauty,856.5
Beauty,559.98
Beauty,1138.66
Beauty,660.85
Beauty,660.62
Beauty,1108.43
Beauty,1488.56
Beauty,212.67
Beauty,993.35
Beauty,680.27
Beauty,1412.59
Beauty,688.52
Beauty,1746.28
Beauty,533.13
Beauty,209.85
Beauty,1503.52
Beauty,482.26
Beauty,309.97
Beauty,807.74
Beauty,693.05
Beauty,1310.91
Beauty,1366.57
Beauty,847.24
Beauty,470.47
Beauty,950.3
Beauty,883.36
Beauty,1125.49
Beauty,473.3
Beauty,629.16
Beauty,1085.98
Beauty,1690.89
Beauty,1428.19
Beauty,840.37
Beauty,597.15
Beauty,1019.33
Beauty,415.62
Beauty,490.0
Beauty,1979.25
Beauty,1018.24
Beauty,649.43
Beauty,1315.66
Beauty,2962.76
Beauty,4897.89
Beauty,3743.07
